[ {
  "date" : "20160522",
  "summary" : [ {
    "activity" : "walking",
    "group" : "walking",
    "duration" : 511.0,
    "distance" : 470.0,
    "steps" : 713
  }, {
    "activity" : "transport",
    "group" : "transport",
    "duration" : 1438.0,
    "distance" : 3636.0
  }, {
    "activity" : "cycling",
    "group" : "cycling",
    "duration" : 230.0,
    "distance" : 508.0
  } ],
  "segments" : [ {
    "type" : "place",
    "startTime" : "20160521T214431+0200",
    "endTime" : "20160522T091924+0200",
    "place" : {
      "id" : 271895212,
      "type" : "unknown",
      "location" : {
        "lat" : 51.979071,
        "lon" : 5.6432445
      }
    },
    "activities" : [ {
      "activity" : "walking",
      "group" : "walking",
      "manual" : false,
      "startTime" : "20160522T082234+0200",
      "endTime" : "20160522T082255+0200",
      "duration" : 21.0,
      "distance" : 15.0,
      "steps" : 31,
      "trackPoints" : [ ]
    }, {
      "activity" : "walking",
      "group" : "walking",
      "manual" : false,
      "startTime" : "20160522T091209+0200",
      "endTime" : "20160522T091514+0200",
      "duration" : 185.0,
      "distance" : 193.0,
      "steps" : 257,
      "trackPoints" : [ ]
    } ],
    "lastUpdate" : "20160522T075234Z"
  }, {
    "type" : "move",
    "startTime" : "20160522T091924+0200",
    "endTime" : "20160522T094322+0200",
    "activities" : [ {
      "activity" : "transport",
      "group" : "transport",
      "manual" : false,
      "startTime" : "20160522T091924+0200",
      "endTime" : "20160522T094322+0200",
      "duration" : 1438.0,
      "distance" : 3636.0,
      "trackPoints" : [ {
        "lat" : 51.979071,
        "lon" : 5.6432445,
        "time" : "20160522T091924+0200"
      }, {
        "lat" : 51.980096,
        "lon" : 5.6505279,
        "time" : "20160522T092231+0200"
      }, {
        "lat" : 51.980385,
        "lon" : 5.6516147,
        "time" : "20160522T092246+0200"
      }, {
        "lat" : 51.981098,
        "lon" : 5.6480846,
        "time" : "20160522T092606+0200"
      }, {
        "lat" : 51.980762,
        "lon" : 5.6467015,
        "time" : "20160522T092625+0200"
      }, {
        "lat" : 51.97886,
        "lon" : 5.6432633,
        "time" : "20160522T093029+0200"
      }, {
        "lat" : 51.978801,
        "lon" : 5.6430852,
        "time" : "20160522T093049+0200"
      }, {
        "lat" : 51.977617,
        "lon" : 5.648768,
        "time" : "20160522T093404+0200"
      }, {
        "lat" : 51.978641,
        "lon" : 5.6528912,
        "time" : "20160522T093427+0200"
      }, {
        "lat" : 51.980633,
        "lon" : 5.6562657,
        "time" : "20160522T093754+0200"
      }, {
        "lat" : 51.980548,
        "lon" : 5.6562213,
        "time" : "20160522T093809+0200"
      }, {
        "lat" : 51.979071,
        "lon" : 5.6432445,
        "time" : "20160522T094322+0200"
      } ]
    } ],
    "lastUpdate" : "20160522T075234Z"
  }, {
    "type" : "place",
    "startTime" : "20160522T094322+0200",
    "endTime" : "20160522T101723+0200",
    "place" : {
      "id" : 271895212,
      "type" : "unknown",
      "location" : {
        "lat" : 51.979071,
        "lon" : 5.6432445
      }
    },
    "activities" : [ {
      "activity" : "walking",
      "group" : "walking",
      "manual" : false,
      "startTime" : "20160522T094322+0200",
      "endTime" : "20160522T094452+0200",
      "duration" : 90.0,
      "distance" : 67.0,
      "steps" : 135,
      "trackPoints" : [ ]
    }, {
      "activity" : "walking",
      "group" : "walking",
      "manual" : false,
      "startTime" : "20160522T101450+0200",
      "endTime" : "20160522T101611+0200",
      "duration" : 81.0,
      "distance" : 44.0,
      "steps" : 88,
      "trackPoints" : [ ]
    } ],
    "lastUpdate" : "20160522T083249Z"
  }, {
    "type" : "move",
    "startTime" : "20160522T101723+0200",
    "endTime" : "20160522T102113+0200",
    "activities" : [ {
      "activity" : "cycling",
      "group" : "cycling",
      "manual" : false,
      "startTime" : "20160522T101723+0200",
      "endTime" : "20160522T102113+0200",
      "duration" : 230.0,
      "distance" : 508.0,
      "trackPoints" : [ {
        "lat" : 51.979071,
        "lon" : 5.6432445,
        "time" : "20160522T101723+0200"
      }, {
        "lat" : 51.979685,
        "lon" : 5.6450855,
        "time" : "20160522T101844+0200"
      }, {
        "lat" : 51.980561,
        "lon" : 5.6448225,
        "time" : "20160522T101904+0200"
      }, {
        "lat" : 51.978822,
        "lon" : 5.6435353,
        "time" : "20160522T102113+0200"
      } ]
    } ],
    "lastUpdate" : "20160522T083249Z"
  }, {
    "type" : "place",
    "startTime" : "20160522T102114+0200",
    "endTime" : "20160522T103247+0200",
    "place" : {
      "id" : 272022661,
      "type" : "unknown",
      "location" : {
        "lat" : 51.978822,
        "lon" : 5.6435353
      }
    },
    "activities" : [ {
      "activity" : "walking",
      "group" : "walking",
      "manual" : false,
      "startTime" : "20160522T102114+0200",
      "endTime" : "20160522T102328+0200",
      "duration" : 134.0,
      "distance" : 151.0,
      "steps" : 202,
      "trackPoints" : [ ]
    } ],
    "lastUpdate" : "20160522T083249Z"
  } ],
  "lastUpdate" : "20160522T083249Z"
} ]